{
    "__comment": "This model was created with freundTech's Blender2Minecraft converter (BETA)",
    "ambientocclusion": false,
    "textures": {
        "jungle_door_top": "blocks/door_jungle_upper",
        "particle": "blocks/door_jungle_upper"
    },
    "elements": [
        {   "__comment": "Cube",
            "from": [ 0.0, 14.5, 1.0 ],
            "to": [ 3.0, 16.0, 15.0 ],
            "faces": {
                "east": { "uv": [ 1.0, 0.0, 15.0, 1.5 ], "texture": "#jungle_door_top", "rotation": 0 },
                "north": { "uv": [ 0.0, 0.0, 16.0, 16.0 ], "texture": "#jungle_door_top", "rotation": 0 },
                "west": { "uv": [ 1.0, 0.0, 15.0, 1.5 ], "texture": "#jungle_door_top", "rotation": 0 },
                "south": { "uv": [ 0.0, 0.0, 16.0, 16.0 ], "texture": "#jungle_door_top", "rotation": 0 },
                "up": { "uv": [ 1.0, 0.0, 15.0, 1.5 ], "texture": "#jungle_door_top", "rotation": 270 },
                "down": { "uv": [ 1.0, 1.0, 15.0, 1.5 ], "texture": "#jungle_door_top", "rotation": 90 }
            }
        },
        {   "__comment": "Cube",
            "from": [ 0.5, 0.0, 0.5 ],
            "to": [ 2.5, 15.5, 3.5 ],
            "faces": {
                "east": { "uv": [ 12.5, 0.5, 15.0, 16.0 ], "texture": "#jungle_door_top", "rotation": 0 },
                "north": { "uv": [ 0.0, 0.5, 16.0, 6.0 ], "texture": "#jungle_door_top", "rotation": 0 },
                "west": { "uv": [ 0.5, 0.5, 3.5, 16.0 ], "texture": "#jungle_door_top", "rotation": 0 },
                "south": { "uv": [ 1.5, 0.5, 3.5, 16.0 ], "texture": "#jungle_door_top", "rotation": 0 },
                "down": { "uv": [ 0.0, 0.5, 16.0, 6.0 ], "texture": "#jungle_door_top", "rotation": 90 }
            }
        },
        {   "__comment": "Cube",
            "from": [ 0.0, 0.0, 0.0 ],
            "to": [ 3.0, 16.0, 1.5 ],
            "faces": {
                "east": { "uv": [ 14.5, 0.0, 16.0, 16.0 ], "texture": "#jungle_door_top", "rotation": 0 },
                "north": { "uv": [ 13.0, 0.0, 16.0, 16.0 ], "texture": "#jungle_door_top", "rotation": 0 },
                "west": { "uv": [ 0.0, 0.0, 1.5, 16.0 ], "texture": "#jungle_door_top", "rotation": 0 },
                "south": { "uv": [ 14.5, 0.0, 15.0, 16.0 ], "texture": "#jungle_door_top", "rotation": 0 },
                "up": { "uv": [ 14.5, 0.0, 16.0, 2.5 ], "texture": "#jungle_door_top", "rotation": 270 },
                "down": { "uv": [ 0.0, 1.0, 1.5, 4.0 ], "texture": "#jungle_door_top", "rotation": 90 }
            }
        },
        {   "__comment": "Cube",
            "from": [ 0.0, 0.0, 14.5 ],
            "to": [ 3.0, 16.0, 16.0 ],
            "faces": {
                "east": { "uv": [ 0.0, 0.0, 1.5, 16.0 ], "texture": "#jungle_door_top", "rotation": 0 },
                "north": { "uv": [ 1.0, 0.0, 1.5, 16.0 ], "texture": "#jungle_door_top", "rotation": 0 },
                "west": { "uv": [ 14.5, 0.0, 16.0, 16.0 ], "texture": "#jungle_door_top", "rotation": 0 },
                "south": { "uv": [ 0.0, 0.0, 3.0, 16.0 ], "texture": "#jungle_door_top", "rotation": 0 },
                "up": { "uv": [ 0.0, 0.0, 1.5, 2.5 ], "texture": "#jungle_door_top", "rotation": 270 },
                "down": { "uv": [ 0.0, 6.5, 1.5, 9.5 ], "texture": "#jungle_door_top", "rotation": 90 }
            }
        },
        {   "__comment": "Cube",
            "from": [ 0.5, 11.0, 3.5 ],
            "to": [ 2.5, 15.5, 4.0 ],
            "faces": {
                "east": { "uv": [ 12.0, 0.5, 12.5, 5.0 ], "texture": "#jungle_door_top", "rotation": 0 },
                "north": { "uv": [ 0.0, 0.5, 16.0, 6.0 ], "texture": "#jungle_door_top", "rotation": 0 },
                "west": { "uv": [ 3.5, 0.5, 4.0, 5.0 ], "texture": "#jungle_door_top", "rotation": 0 },
                "south": { "uv": [ 1.5, 0.5, 3.5, 6.0 ], "texture": "#jungle_door_top", "rotation": 0 },
                "down": { "uv": [ 1.5, 4.0, 2.0, 6.0 ], "texture": "#jungle_door_top", "rotation": 90 }
            }
        },
        {   "__comment": "Cube",
            "from": [ 0.5, 11.5, 4.0 ],
            "to": [ 2.5, 15.5, 4.5 ],
            "faces": {
                "east": { "uv": [ 4.0, 0.5, 4.5, 4.5 ], "texture": "#jungle_door_top", "rotation": 0 },
                "north": { "uv": [ 0.0, 0.5, 16.0, 6.0 ], "texture": "#jungle_door_top", "rotation": 0 },
                "west": { "uv": [ 4.0, 0.5, 4.5, 4.5 ], "texture": "#jungle_door_top", "rotation": 0 },
                "south": { "uv": [ 1.5, 0.5, 3.5, 4.5 ], "texture": "#jungle_door_top", "rotation": 0 },
                "down": { "uv": [ 1.5, 2.5, 2.0, 4.5 ], "texture": "#jungle_door_top", "rotation": 90 }
            }
        },
        {   "__comment": "Cube",
            "from": [ 0.5, 12.0, 4.5 ],
            "to": [ 2.5, 15.5, 5.0 ],
            "faces": {
                "east": { "uv": [ 11.0, 0.5, 11.5, 4.0 ], "texture": "#jungle_door_top", "rotation": 0 },
                "north": { "uv": [ 0.0, 0.5, 16.0, 6.0 ], "texture": "#jungle_door_top", "rotation": 0 },
                "west": { "uv": [ 4.5, 0.5, 5.0, 4.0 ], "texture": "#jungle_door_top", "rotation": 0 },
                "south": { "uv": [ 1.5, 0.5, 3.5, 4.0 ], "texture": "#jungle_door_top", "rotation": 0 },
                "down": { "uv": [ 1.5, 2.0, 2.0, 4.0 ], "texture": "#jungle_door_top", "rotation": 90 }
            }
        },
        {   "__comment": "Cube",
            "from": [ 0.5, 12.5, 5.0 ],
            "to": [ 2.5, 15.5, 6.0 ],
            "faces": {
                "east": { "uv": [ 10.0, 0.5, 11.0, 3.5 ], "texture": "#jungle_door_top", "rotation": 0 },
                "north": { "uv": [ 0.0, 0.5, 16.0, 6.0 ], "texture": "#jungle_door_top", "rotation": 0 },
                "west": { "uv": [ 5.0, 0.5, 6.0, 3.5 ], "texture": "#jungle_door_top", "rotation": 0 },
                "south": { "uv": [ 1.5, 0.5, 3.5, 3.5 ], "texture": "#jungle_door_top", "rotation": 0 },
                "down": { "uv": [ 1.5, 1.0, 2.5, 3.5 ], "texture": "#jungle_door_top", "rotation": 90 }
            }
        },
        {   "__comment": "Cube",
            "from": [ 0.5, 0.0, 12.5 ],
            "to": [ 2.5, 15.5, 15.5 ],
            "faces": {
                "east": { "uv": [ 1.0, 0.5, 3.5, 16.0 ], "texture": "#jungle_door_top", "rotation": 0 },
                "north": { "uv": [ 12.5, 0.5, 14.5, 16.0 ], "texture": "#jungle_door_top", "rotation": 0 },
                "west": { "uv": [ 12.5, 0.5, 15.5, 16.0 ], "texture": "#jungle_door_top", "rotation": 0 },
                "south": { "uv": [ 1.5, 0.5, 3.5, 16.0 ], "texture": "#jungle_door_top", "rotation": 0 },
                "down": { "uv": [ 0.0, 0.5, 16.0, 6.0 ], "texture": "#jungle_door_top", "rotation": 90 }
            }
        },
        {   "__comment": "Cube",
            "from": [ 0.5, 11.0, 12.0 ],
            "to": [ 2.5, 15.5, 12.5 ],
            "faces": {
                "east": { "uv": [ 12.0, 0.5, 12.5, 5.0 ], "texture": "#jungle_door_top", "rotation": 0 },
                "north": { "uv": [ 12.5, 0.5, 14.5, 6.0 ], "texture": "#jungle_door_top", "rotation": 0 },
                "west": { "uv": [ 3.5, 0.5, 4.0, 5.0 ], "texture": "#jungle_door_top", "rotation": 0 },
                "south": { "uv": [ 1.5, 0.5, 3.5, 6.0 ], "texture": "#jungle_door_top", "rotation": 0 },
                "down": { "uv": [ 1.5, 4.0, 2.0, 6.0 ], "texture": "#jungle_door_top", "rotation": 90 }
            }
        },
        {   "__comment": "Cube",
            "from": [ 0.5, 11.5, 11.5 ],
            "to": [ 2.5, 15.5, 12.0 ],
            "faces": {
                "east": { "uv": [ 4.0, 0.5, 4.5, 4.5 ], "texture": "#jungle_door_top", "rotation": 0 },
                "north": { "uv": [ 12.5, 0.5, 14.5, 4.5 ], "texture": "#jungle_door_top", "rotation": 0 },
                "west": { "uv": [ 4.0, 0.5, 4.5, 4.5 ], "texture": "#jungle_door_top", "rotation": 0 },
                "south": { "uv": [ 1.5, 0.5, 3.5, 4.5 ], "texture": "#jungle_door_top", "rotation": 0 },
                "down": { "uv": [ 1.5, 2.5, 2.0, 4.5 ], "texture": "#jungle_door_top", "rotation": 90 }
            }
        },
        {   "__comment": "Cube",
            "from": [ 0.5, 12.0, 11.0 ],
            "to": [ 2.5, 15.5, 11.5 ],
            "faces": {
                "east": { "uv": [ 4.5, 0.5, 5.0, 4.0 ], "texture": "#jungle_door_top", "rotation": 0 },
                "north": { "uv": [ 12.5, 0.5, 14.5, 4.0 ], "texture": "#jungle_door_top", "rotation": 0 },
                "west": { "uv": [ 4.5, 0.5, 5.0, 4.0 ], "texture": "#jungle_door_top", "rotation": 0 },
                "south": { "uv": [ 1.5, 0.5, 3.5, 4.0 ], "texture": "#jungle_door_top", "rotation": 0 },
                "down": { "uv": [ 1.5, 2.0, 2.0, 4.0 ], "texture": "#jungle_door_top", "rotation": 90 }
            }
        },
        {   "__comment": "Cube",
            "from": [ 0.5, 12.5, 10.0 ],
            "to": [ 2.5, 15.5, 11.0 ],
            "faces": {
                "east": { "uv": [ 5.0, 0.5, 6.0, 3.5 ], "texture": "#jungle_door_top", "rotation": 0 },
                "north": { "uv": [ 12.5, 0.5, 14.5, 3.5 ], "texture": "#jungle_door_top", "rotation": 0 },
                "west": { "uv": [ 5.0, 0.5, 6.0, 3.5 ], "texture": "#jungle_door_top", "rotation": 0 },
                "south": { "uv": [ 1.5, 0.5, 3.5, 3.5 ], "texture": "#jungle_door_top", "rotation": 0 },
                "down": { "uv": [ 1.5, 1.0, 2.5, 3.5 ], "texture": "#jungle_door_top", "rotation": 90 }
            }
        },
        {   "__comment": "Cube",
            "from": [ 0.5, 13.0, 6.0 ],
            "to": [ 2.5, 15.5, 10.0 ],
            "faces": {
                "east": { "uv": [ 6.0, 0.5, 10.0, 3.0 ], "texture": "#jungle_door_top", "rotation": 0 },
                "north": { "uv": [ 12.5, 0.5, 14.5, 3.5 ], "texture": "#jungle_door_top", "rotation": 0 },
                "west": { "uv": [ 6.0, 0.5, 10.0, 3.0 ], "texture": "#jungle_door_top", "rotation": 0 },
                "south": { "uv": [ 1.5, 0.5, 3.5, 3.5 ], "texture": "#jungle_door_top", "rotation": 0 },
                "down": { "uv": [ 6.0, 1.0, 10.0, 3.0 ], "texture": "#jungle_door_top", "rotation": 90 }
            }
        },
        {   "__comment": "Cube",
            "from": [ 1.0, 0.0, 7.5 ],
            "to": [ 2.0, 15.5, 8.5 ],
            "faces": {
                "east": { "uv": [ 7.5, 0.5, 8.5, 16.0 ], "texture": "#jungle_door_top", "rotation": 0 },
                "north": { "uv": [ 7.5, 0.5, 8.5, 16.0 ], "texture": "#jungle_door_top", "rotation": 0 },
                "west": { "uv": [ 7.5, 0.5, 8.5, 16.0 ], "texture": "#jungle_door_top", "rotation": 0 },
                "south": { "uv": [ 7.5, 0.5, 8.5, 16.0 ], "texture": "#jungle_door_top", "rotation": 0 },
                "down": { "uv": [ 0.0, 0.5, 16.0, 6.0 ], "texture": "#jungle_door_top", "rotation": 90 }
            }
        },
        {   "__comment": "Cube",
            "from": [ 1.0, 6.0, 3.0 ],
            "to": [ 2.0, 7.0, 13.0 ],
            "faces": {
                "east": { "uv": [ 3.0, 9.0, 13.0, 10.0 ], "texture": "#jungle_door_top", "rotation": 0 },
                "north": { "uv": [ 12.5, 0.5, 14.5, 3.5 ], "texture": "#jungle_door_top", "rotation": 0 },
                "west": { "uv": [ 3.0, 9.0, 13.0, 10.0 ], "texture": "#jungle_door_top", "rotation": 0 },
                "south": { "uv": [ 1.5, 0.5, 3.5, 3.5 ], "texture": "#jungle_door_top", "rotation": 0 },
                "up": { "uv": [ 3.0, 9.0, 13.0, 10.0 ], "texture": "#jungle_door_top", "rotation": 270 },
                "down": { "uv": [ 13.0, 9.0, 3.0, 10.0 ], "texture": "#jungle_door_top", "rotation": 270 }
            }
        },
        {   "__comment": "Cube",
            "from": [ 1.0, -0.5, 3.0 ],
            "to": [ 2.0, 0.5, 13.0 ],
            "faces": {
                "east": { "uv": [ 3.0, 9.0, 13.0, 10.0 ], "texture": "#jungle_door_top", "rotation": 0 },
                "north": { "uv": [ 12.5, 0.5, 14.5, 3.5 ], "texture": "#jungle_door_top", "rotation": 0 },
                "west": { "uv": [ 3.0, 9.0, 13.0, 10.0 ], "texture": "#jungle_door_top", "rotation": 0 },
                "south": { "uv": [ 1.5, 0.5, 3.5, 3.5 ], "texture": "#jungle_door_top", "rotation": 0 },
                "up": { "uv": [ 3.0, 9.0, 13.0, 10.0 ], "texture": "#jungle_door_top", "rotation": 270 },
                "down": { "uv": [ 13.0, 9.0, 3.0, 10.0 ], "texture": "#jungle_door_top", "rotation": 270 }
            }
        }
    ]
}
